Rule,EntropyMove,CurrentEntropy,EntropySize,DataType,DescriptionData,MessageSize,AlphabetSize,GrammaticSize,CalcTime
 -> ,0.0,4.195328447653347,41953.284476533474,,,10000,22,1,0.004000186920166016
DN -> 뭕,-27.230336031061597,4.207307557883798,41980.514812564536,proteins,,9978,23,1,12.711152791976929
PR -> ߺ,-35.14763694962312,4.221406857180162,42015.66244951416,proteins,,9953,24,2,12.57081151008606
QI -> 𧕢,-33.72175103526388,4.236713773355105,42049.38420054942,proteins,,9925,25,3,13.365838050842285
LS -> 㳺,-93.88280422550451,4.27720156346036,42143.26700477493,proteins,,9853,26,4,15.073373556137085
VE -> 𤏘,-54.143849445157684,4.300153964559267,42197.410854220085,proteins,,9813,27,5,15.99903655052185
"N
 -> 筢",-1.91130495264224,4.300787011737946,42199.32215917273,proteins,,9812,28,6,16.106841802597046
YR -> 𓎍,-17.82448645075783,4.309631139814566,42217.146645623485,proteins,,9796,29,7,16.32521343231201
GC -> 𤼰,-11.713857519665908,4.313028342676248,42228.86050314315,proteins,,9791,30,8,16.70012593269348
L뭕 -> 𥖂,-1.7558211305513396,4.314970504166109,42230.6163242737,proteins,,9787,31,9,17.014915227890015
ST -> 鄵,-46.96503788889822,4.337051842651067,42277.5813621626,proteins,,9748,32,10,17.528810024261475
𧕢G -> 𦄿,-2.1375209311954677,4.3386063502405126,42279.718883093796,proteins,,9745,33,11,17.981387853622437
MD -> 𫗾,-17.01921299364767,4.3465972763423535,42296.73809608744,proteins,,9731,34,12,18.263814210891724
L㳺 -> 硡,-9.650834261883574,4.351166196683053,42306.38893034933,proteins,,9723,35,13,18.658475399017334
WF -> 돭,-8.029110747018422,4.353783109486197,42314.418041096345,proteins,,9719,36,14,19.550389289855957
