Rule,EntropyMove,CurrentEntropy,EntropySize,DataType,DescriptionData,MessageSize,AlphabetSize,GrammaticSize,CalcTime
 -> ,0.0,4.202970400199926,42029.704001999264,,,10000,22,1,0.008032560348510742
LL -> ä‡˜,-141.4927764066233,4.267044093737315,42171.19677840589,proteins,,9883,23,1,12.658490180969238
LA -> ğªª¥,-88.6448586075494,4.310029743703563,42259.84163701344,proteins,,9805,24,2,11.38332986831665
GL -> ã²“,-75.41923082138965,4.342968903142678,42335.260867834826,proteins,,9748,25,3,12.320148229598999
SL -> ëŒ‰,-69.7802119240805,4.373457207070844,42405.04107975891,proteins,,9696,26,4,13.637073278427124
AA -> ğ«‚–,-63.34743196419004,4.40132537171967,42468.3885117231,proteins,,9649,27,5,16.724056243896484
LS -> â¬¼,-60.168609908352664,4.429596617188985,42528.55712163145,proteins,,9601,28,6,17.955488920211792
VG -> è–ˆ,-56.10214817622909,4.452133744883186,42584.65926980768,proteins,,9565,29,7,19.38137459754944
IL -> ğª‘€,-53.96237896096136,4.476025787189654,42638.62164876864,proteins,,9526,30,8,21.673349857330322
AG -> ğ ¶,-51.55116920085129,4.499385836632535,42690.17281796949,proteins,,9488,31,9,20.13073444366455
SV -> å¾ª,-49.186899669446575,4.520291879179158,42739.35971763894,proteins,,9455,32,10,21.785846948623657
LE -> äª‰,-46.810825460961496,4.544951194295719,42786.1705430999,proteins,,9414,33,11,19.65280795097351
GA -> é¢,-46.08026295313903,4.56341900767665,42832.25080605304,proteins,,9386,34,12,21.614546298980713
VI -> â¢,-44.274003312704735,4.584253695003287,42876.52480936574,proteins,,9353,35,13,21.910927772521973
LK -> ğ—†,-43.62180294169957,4.6031903273603,42920.14661230744,proteins,,9324,36,14,25.25211811065674
