Rule,EntropyMove,CurrentEntropy,EntropySize,DataType,DescriptionData,MessageSize,AlphabetSize,GrammaticSize,CalcTime
 -> ,0.0,1.9799081693757943,19799.081693757944,,,10000,4,1,0.007963895797729492
AT -> ğ¢½“,-889.5645700995774,2.2585858366656684,20688.64626385752,dna,,9160,5,1,0.43668270111083984
CA -> ğ®µ,-573.4855811097696,2.4324598838768208,21262.13184496729,dna,,8741,6,2,1.085754632949829
TG -> ğ¨­‡,-583.0573228435896,2.6171306059435584,21845.18916781088,dna,,8347,7,3,1.1905744075775146
GC -> å–›,-410.4370808161766,2.7643306730377666,22255.626248627057,dna,,8051,8,4,1.396949052810669
TA -> ãŠ´,-324.04419837018577,2.963600268670067,22579.670446997243,dna,,7619,9,5,1.4630038738250732
CG -> ê¦ƒ,-267.51772387680467,3.1190700574572077,22847.188170874048,dna,,7325,10,6,1.8831515312194824
AC -> ç–—,-195.29816170014237,3.2490815471762815,23042.48633257419,dna,,7092,11,7,1.9913041591644287
GT -> ä·¹,-192.43188004228796,3.3880020724141846,23234.918212616478,dna,,6858,12,8,2.2830867767333984
Ağ¢½“ -> ğ“¦,-149.2764950106357,3.474620313168962,23384.194707627114,dna,,6730,13,9,2.670804977416992
ğ¢½“T -> ğ˜”€,-131.4942123786277,3.5554413244641276,23515.68892000574,dna,,6614,14,10,3.2168068885803223
Cğ¢½“ -> ğ®¤¶,-101.54692046842683,3.6156209186273984,23617.235840474168,dna,,6532,15,11,4.425611734390259
ğ¢½“A -> Äº,-80.29133914769773,3.674604927837163,23697.527179621866,dna,,6449,16,12,4.761366605758667
TC -> ğ—‡˜,-81.82710787524047,3.792560492423781,23779.354287497106,dna,,6270,17,13,4.938675880432129
Gğ®µ -> ğ¨™,-72.44293571039088,3.8359275045364263,23851.797223207497,dna,,6218,18,14,6.243554592132568
